{
  "items": [
    {
      "payeeName": "Rahul",
      "product": "Bike Repair",
      "price": 1000,
      "setDate": "2022-04-07",
      "id": 1
    },
    {
      "payeeName": "Rahul",
      "product": "Movie",
      "price": 1044,
      "setDate": "2022-04-05",
      "id": 2
    },
    {
      "payeeName": "Ramesh",
      "product": "Vegetables",
      "price": 366,
      "setDate": "2022-04-01",
      "id": 3
    },
    {
      "payeeName": "Rahul",
      "product": "Water",
      "price": 40,
      "setDate": "2022-04-02",
      "id": 4
    },
    {
      "payeeName": "Ramesh",
      "product": "Grocery",
      "price": 192,
      "setDate": "2022-04-03",
      "id": 5
    },
    {
      "payeeName": "Ramesh",
      "product": "Rice Bag",
      "price": 2000,
      "setDate": "2022-04-05",
      "id": 6
    },
    {
      "payeeName": "Ramesh",
      "product": "Internet Bills",
      "price": 1200,
      "setDate": "2022-04-06",
      "id": 7
    },
    {
      "payeeName": "Rahul",
      "product": "Electricity Bill",
      "price": 724,
      "setDate": "2022-04-04",
      "id": 8
    },
    {
      "payeeName": "Ramesh",
      "product": "Water",
      "price": 40,
      "setDate": "2022-04-05",
      "id": 9
    },
    {
      "payeeName": "Rahul",
      "product": "Water",
      "price": 40,
      "setDate": "2022-04-06",
      "id": 10
    },
    {
      "payeeName": "Rahul",
      "product": "Plumbing work",
      "price": 250,
      "setDate": "2022-04-05",
      "id": 11
    },
    {
      "payeeName": "Rahul",
      "product": "Tubelight",
      "price": 149,
      "setDate": "2022-04-01",
      "id": 12
    },
    {
      "payeeName": "Ramesh",
      "product": "LPG",
      "price": 1000,
      "setDate": "2022-04-05",
      "id": 13
    },
    {
      "payeeName": "Rahul",
      "product": "Water",
      "price": 30,
      "setDate": "2022-04-08",
      "id": 14
    },
    {
      "payeeName": "Ramesh",
      "product": "water",
      "price": 40,
      "setDate": "2022-04-09",
      "id": 15
    },
    {
      "payeeName": "Ramesh",
      "product": "Rent",
      "price": 12000,
      "setDate": "2022-05-06",
      "id": 16
    },
    {
      "payeeName": "Rahul",
      "product": "Water bottle",
      "price": 200,
      "setDate": "2022-05-30",
      "id": 17
    },
    {
      "payeeName": "Rahul",
      "product": "qswde",
      "price": 8,
      "setDate": "2023-03-01",
      "id": 18
    },
    {
      "payeeName": "Rahul",
      "product": "movie",
      "price": 100,
      "setDate": "2023-02-25",
      "id": 19
    },
    {
      "payeeName": "Rahul",
      "product": "hmmm",
      "price": 1000,
      "setDate": "2023-02-25",
      "id": 20
    }
  ]
}